{
  "config": {
    "seed": 123,
    "epochs": 30,
    "lr": 0.001,
    "batch_size": 64,
    "model_name": "TinyMLP",
    "comment": "xor demo with tracking/checkpoints"
  },
  "created_at": "2025-12-05T13:07:28",
  "run_dir": "runs/20251205T130728_seed123_TinyMLP",
  "final_epoch": 30,
  "final_train_loss": 0.2636127018928528,
  "final_val_loss": 0.2715326100587845,
  "final_val_acc": 0.9375,
  "best_val_loss": 0.2715326100587845,
  "best_val_epoch": 30
}